"","X","Comp.1","Comp.2","Comp.3"
"1","Gillibrand_03_24_19_Brave_Wins_NYC.txt",-0.537027883293702,0.222354111835129,-1.43928218821914
"2","Gillibrand_04_02_19_Equal_Pay_Day_Sen.txt",0.672745296791511,1.76271376242609,0.778419424393531
"3","Gillibrand_06_09_19_Dem_Hall_Fame_IA.txt",-2.64386135644117,-1.05793910441947,0.834979369474272
"4","Gillibrand_06_27_19_MSNBC_Miami_Closing.txt",0.519549425603946,0.264070114995685,-3.81508725169278
"5","Gillibrand_07_17_19_First_Responder_Bill_Sen.txt",1.92272769824461,2.27684013447208,1.62586575472494
"6","Gillibrand_07_23_19_911_Responders_Sen.txt",-0.450429581891222,-1.61697157443915,3.37201213941972
"7","Gillibrand_07_31_19_NBC_Debate_Closing.txt",-4.220500361776,-0.707588186614822,-1.27664882486613
"8","Harris_01_16_19_Govt_Shutdown_Sen.txt",2.99611929343552,-1.18361814236272,0.648133599419145
"9","Harris_01_21_19_Atlantic_Democratic_Debate_Closing.txt",-2.24046487909004,-2.16996407484877,1.97521851699315
"10","Harris_01_27_19_Announcement_Oakland.txt",-1.20627063164763,-0.131307217730737,0.424231218376175
"11","Harris_02_05_19_Pre_State_of_Union_DC.txt",2.14709219809673,-2.99488569521713,-0.469483710512764
"12","Harris_02_14_19_Anti_Lynching_Bill_Sen.txt",2.57756275265534,-0.895451025174441,-0.0222917064418462
"13","Harris_05_-5_19_NAACP_Detroit.txt",0.33303549576051,-0.514543547234659,1.51061733996279
"14","Harris_06_10_19_Dem_Hall_Fame_IA.txt",-1.28855752729078,-1.29265213969695,2.46389790065488
"15","Harris_06_22_19_Otay_Mesa_Detention_Center_San_Diego.txt",0.155621102611339,-0.0774560787617483,-0.102108335177737
"16","Harris_06_27_19_MSNBC_Debate_Closing.txt",-3.42923656492961,0.851116129005776,-1.29335718519629
"17","Harris_07_31_19_Debate_Closing_MI.txt",0.654092262765188,-0.737995332309632,4.55905147678781
"18","Harris_07_31_19_Debate_Opening_MI.txt",-3.76352773776741,-0.12580128269153,-0.0930295988428041
"19","Harris_09_12_19_Closing_Dem_Debate_TX.txt",-3.63841418148326,-0.188648647101498,0.321911530625819
"20","Harris_09_12_19_Opening_Dem_Debate_TX.txt",-1.82630321228948,0.989629418746032,-2.42580933244686
"21","Klobuchar_01_08_19_Govt_Shutdown_Sen.txt",1.89063176303533,0.878228161481083,-0.158789268257974
"22","Klobuchar_01_10_19_Govt_Shutdown2_Sen.txt",1.95786083643579,-1.81955145656525,2.82186867900704
"23","Klobuchar_01_15_20_Iowa_Debate_Closing.txt",-3.59494344746142,0.80746191095174,0.583498820626926
"24","Klobuchar_01_16_19_Govt_Shutdown3_Sen.txt",-2.46884016600992,1.65090793839922,-0.801403724794844
"25","Klobuchar_02_10_19_Announcement_MN.txt",-0.620215285599915,-0.423180528460551,1.60695825778829
"26","Klobuchar_02_12_20_New_Hampshire_Primary.txt",-2.32288707968911,-1.05530590618301,1.96843121305127
"27","Klobuchar_02_19_20_Las_Vegas_Debate_Closing.txt",-2.92451531953901,0.189304024118253,0.82047330191442
"28","Klobuchar_02_27_19_Climate_Change_Senate.txt",3.720494283924,-0.75194894288869,-0.901291314430379
"29","Klobuchar_03_26_19_Affordable_Care_Act_Senate.txt",3.00106703838567,1.27669357366325,-0.752350255804114
"30","Klobuchar_03_27_19_Green_New_Deal_Senate.txt",2.15744627109383,2.21987106838757,-0.675619958052787
"31","Klobuchar_03_28_19_Federal_Election_Laws_Senate.txt",1.72066764967075,0.155469998950018,-0.969414712985202
"32","Klobuchar_04_02_19_Advice_Consent_Sen.txt",2.30874445488724,-0.488865423101748,-0.310494896285473
"33","Klobuchar_05_15_19_Prescription_Drugs2_Senate.txt",1.15070363346519,0.397998717666297,1.48685672453606
"34","Klobuchar_05_15_19_Prescription_Drugs_Senate.txt",2.11432254521595,-0.158500782978875,1.81930184534367
"35","Klobuchar_06_04_19_19_Amendment_Senate.txt",-0.14053524293762,-3.59630281415175,2.03849665815496
"36","Klobuchar_06_09_19_Dem_Hall_of_Fame_IA.txt",-0.708853778260933,0.245212128746072,0.784711923124136
"37","Klobuchar_06_25_19_Election_Security2_Sen.txt",2.12744964707095,0.995368515280285,-2.99935124526848
"38","Klobuchar_06_25_19_Election_Security_Sen.txt",3.2767036543444,1.79151474805477,-1.84026161110905
"39","Klobuchar_06_26_19_Debate_Closing_FL.txt",-2.88537462474721,0.382663703937353,-2.29762953798742
"40","Klobuchar_07_10_19_Affordable_Care_Act_Sen.txt",3.63531518586162,-0.240000689769955,0.105027662593949
"41","Klobuchar_07_30_19_Debate_Closing_MI.txt",-3.26123096315862,-3.99683782630464,2.48983962152115
"42","Klobuchar_07_30_19_Debate_Opening_MI.txt",-1.91888728048062,-2.96832908553742,-0.333574425147275
"43","Klobuchar_08_01_19_Election_Security_Sen.txt",1.89808158085606,2.08330376172448,-1.0312036884027
"44","Klobuchar_09_09_19_First_Day_Congress_Action_Senate.txt",1.35203341056417,0.705334066393776,1.40945222262179
"45","Klobuchar_09_12_19_Closing_Debate_TX.txt",-1.39012462864644,-1.03924985981146,0.00163979190835374
"46","Klobuchar_09_17_19_Gun_Control_Sen.txt",4.00683542939449,-3.68599398221104,-1.14503624968227
"47","Klobuchar_10_22_19_Honest_Ads_Act_Senate.txt",2.24053408585939,1.95156122226904,-0.482221838149354
"48","Klobuchar_10_23_19_Election_Interference_Senate.txt",1.43324139677667,1.04101485701323,-2.55380233360294
"49","Klobuchar_11_12_19_EPA_Farm_Sen.txt",7.23551265741638,4.8881559315992,0.236841524650148
"50","Klobuchar_11_21_19_Atlanta_Debate_Closing.txt",0.593028280288005,-4.33082477299338,-0.175363518260092
"51","Klobuchar_12_11_19_CFR_Foreign_Policy.txt",2.07211199122804,-0.00800619450717361,-1.52674541433227
"52","Klobuchar_12_19_18_Healthcare_Sen.txt",3.16483198160301,1.84524754155293,-0.142234392049589
"53","Klobuchur_09_12_19_Debate_Opening_TX.txt",-5.41563537333026,1.02168892268594,-1.87223757672862
"54","Warren_01_15_20_Iowa_Debate_Closing.txt",-0.817830688082195,-2.67035977846647,0.47811390156704
"55","Warren_01_16_19_Govt_Shutdown_Abortion_Senate.txt",3.88004825724827,-0.958748343677573,2.61943903558235
"56","Warren_02_05_20_Impeachment_Sen.txt",3.62998300826726,-1.76381579300091,-1.31823694880533
"57","Warren_02_09_19_Announcement_Lawrence_MA.txt",-0.435988311038499,1.22654924754277,1.83793110042325
"58","Warren_02_12_19_Barr_Nomination_Natural_Resources_Senate.txt",2.75856079865154,-3.74350849233088,2.38693192086947
"59","Warren_02_12_20_New_Hampshire_Primary.txt",-1.01765330907068,0.156772362738061,0.512593115484012
"60","Warren_02_20_20_Las_Vegas_Debate_Closing.txt",-4.97122443041835,2.88963573756803,-2.68324563981409
"61","Warren_03_05_20_Concession_Press_Conf.txt",-3.51393497686255,-2.46993391415946,-1.15040236899794
"62","Warren_03_12_19_Judge_Rao_Nomination_Senate.txt",4.26738461582087,-2.22405384372502,3.09672770190788
"63","Warren_04_05_19_National_Action_Network_Conv_NY.txt",-1.0880093481465,0.820921269808936,1.74147330196778
"64","Warren_06_26_19_MSNBC_Debate_Closing.txt",-5.84313866972949,4.77400179951193,0.713872489718439
"65","Warren_07_30_19_Debate_Closing_MI.txt",-1.82169033500507,-0.532229180653489,1.35393890013384
"66","Warren_07_30_19_Debate_Opening_MI.txt",1.12316124282838,1.29954480973733,0.556804886634486
"67","Warren_09_12_19_Closing_Dem_Debate_TX.txt",-6.0402322889246,4.48760968197685,-0.474793519622864
"68","Warren_09_12_19_Opening_Dem_Debate_TX.txt",-0.678902971312619,3.34651716196716,-0.334153463000993
"69","Warren_11_21_19_Atlanta_Democratic_Debate_Closing.txt",0.792951831504034,2.3020528155752,-1.05370271603674
"70","Warren_11_29_18_F_Policy_American.txt",3.25137615638115,0.846210685424656,-0.173232230865714
"72","2006_06_13_PC_Domestic_Take_Back.txt",1.10423827129873,-0.285413083462404,-0.796718915749589
"73","2006_06_23_PC_Domestic_New_Dem.txt",1.59747192283792,-0.240360658607666,-1.43259368477988
"74","2007_01_10_PC_Foreign_Iraq.txt",4.52544810006141,-2.293357208,-1.30914361608002
"75","2007_01_20_PC_Domestic_Announcement.txt",-2.8458321382228,5.36135376669674,0.281265750734191
"76","2007_01_22_PC_Stump_Conversation.txt",-6.90355760646114,5.62218245770778,1.2782950020809
"77","2007_01_23_PC_Stump_Conversation.txt",-7.9645364394854,2.06801999313563,0.592859723274992
"78","2007_01_24_PC_Stump_Conversation.txt",-4.27457136251859,1.1415030329465,-3.24574799089405
"79","2007_02_02_PC_Stump_DNC.txt",-1.59443409228248,0.740222326629661,-1.55111411072223
"80","2007_02_07_PC_Foreign_Iraq.txt",3.15040627914564,-1.81695016672609,-2.06351829933955
"81","2007_02_14_PC_Foreign_Iran.txt",3.37227226414796,-1.0723640818701,-3.91421321127295
"82","2007_03_04_PC_Domestic_Civil Rights.txt",0.510940211126893,-1.84366348897126,1.17867820934753
"83","2007_03_06_PC_Women_Rights_History.txt",2.03551416203912,-0.318376420270508,1.37373177410948
"84","2007_03_10_PC_Domestic_General.txt",1.08464817881668,2.9325394962403,7.05447462785038
"85","2007_03_14_PC_Domestic_Fire Fighters_Union.txt",-2.32363595963105,0.616117109567969,1.05725938602933
"86","2007_03_15_PC_Domestic_Lending.txt",2.25845551411327,1.68006990214488,0.602719998755996
"87","2007_04_13_PC_Domestic_Govt Reform.txt",2.52768997070713,0.29810293945603,0.0189018642551063
"88","2007_05_19_PC_Domestic_Katrina.txt",-0.680010064884224,1.19927696409526,-0.213728289884891
"89","2007_05_21_PC_Domestic_Pre-K.txt",0.938419062975537,-1.00185912306561,0.408201947307225
"90","2007_05_24_PC_Health_Costs.txt",4.11270483416282,2.19016509834948,0.661361393792513
"91","2007_05_29_PC_Domestic_Economy.txt",2.89012965353631,2.54080361084032,0.421999065279214
"92","2007_05_31_PC_Domestic_Innovation.txt",3.47573869459138,2.18383302587842,-1.38930046481064
"93","2007_06_27_PC_Foreign_Security.txt",3.15790182485272,-0.23299631656997,-2.19289515409439
"94","2007_07_10_PC_Foreign_Iraq.txt",2.5241810786019,-0.302542953460101,-0.899729892048023
"95","2007_07_24_PC_Domestic_Green Energy.txt",2.84023760990474,3.41273302821516,-0.385505420359211
"96","2007_07_27_PC_Domestic_Race.txt",-0.240649897613296,-0.11475580992736,1.18865586919964
"97","2007_08_07_PC_Domestic_Housing.txt",1.10604365871906,1.86815099639671,1.60202834310644
"98","2007_08_08_PC_Domestic_Infrastructure.txt",2.31342663987205,2.04459660322249,-0.58358344705862
"99","2007_08_15_PC_Health_Long-Term Care.txt",0.987400683497004,0.287631773355448,0.530270047242474
"100","2007_08_20_PC_Domestic_Veterans.txt",0.110991544565429,-1.50633126736247,0.636582537577743
"101","2007_08_23_PC_Health_Reform.txt",3.31136877377209,1.26468405796381,1.39870079621284
"102","2007_09_15_PC_Domestic_Civil Rights.txt",1.49967490691573,-0.672316509962699,-1.00220314910142
"103","2007_09_17_PC_Health_Insurance.txt",1.67491795249903,1.70345225643956,1.1988471068969
"104","2007_10_04_PC_Domestic_Science.txt",3.78604170391872,1.51226841531931,-0.716398932091042
"105","2007_10_08_PC_Domestic_Economy.txt",2.75370829607196,2.46441750101386,1.04917942848371
"106","2007_10_09_PC_Domestic_Taxes_SS.txt",0.152218400995326,1.32299232382442,1.01898376249712
"107","2007_10_11_PC_Domestic_College.txt",0.912741884674267,2.20046022920926,0.240247768803992
"108","2007_10_16_PC_Women_Family.txt",0.334130435539483,0.127816903151058,1.47990644285273
"109","2007_10_24_PC_Women_History_Rights.txt",0.368830314705799,-2.61805895341806,2.7124611705425
"110","2007_11_01_PC_Women_Wellesley.txt",-1.17251927918105,0.258834300739325,0.0496643550910057
"111","2007_11_02_PC_Health_Special Ed.txt",0.450400000633615,0.346680049774794,0.0411515358651219
"112","2007_11_05_PC_Domestic_Energy_Climate.txt",2.68129237149488,4.02014273694006,0.294269994135662
"113","2007_11_10_PC_Domestic_Stock Speech.txt",-1.03328405246429,-1.24641548638503,-0.0864344888459139
"114","2007_11_10_PC_Stump_Jeff_Jack.txt",-1.03328405246429,-1.24641548638503,-0.0864344888459139
"115","2007_11_12_PC_Domestic_Native Am.txt",2.51267124895852,-0.200736383270359,-0.0873647339024611
"116","2007_11_19_PC_Domestic_Economic.txt",3.05590275130427,3.05665201455995,0.902560151272448
"117","2007_11_24_PC_Health_Autism.txt",1.53224917636926,-0.366887602279411,2.3644858976333
"118","2007_11_28_PC_Health_Clinton Plan_Excerpts.txt",0.358951538917666,1.21050435271474,1.99014248146634
"119","2007_11_29_PC_Health_AIDS.txt",1.31188195048494,-1.18326806309851,-1.08637325845594
"120","2007_12_03_PC_Stump_Cedar_Lake_IA.txt",1.64566371483696,0.23169522335407,-1.16051294400018
"121","2007_12_05_PC_Domestic_Economic.txt",3.23042239575126,2.30214116841042,0.34930842358076
"122","2007_12_16_PC_Stump_Council_Bluffs.txt",-1.1954500227533,-0.191544469666373,-0.279302571521277
"123","2007_12_17_PC_Health_Reform.txt",-2.21496339598235,0.57329004365895,0.557942335065677
"124","2007_12_17_PC_Stump_IA.txt",-2.28338136504959,0.584362348864668,0.533492295977708
"125","2008_01_03_PC_Stump_Iowa_Caucus.txt",-1.28232064548443,-1.22415155639774,-1.5243318684273
"126","2008_01_04_PC_Stump_Milford_NH.txt",-1.37483315041855,0.216366316105194,-0.37451479871743
"127","2008_01_08_PC_Stump_NH_Primary.txt",-2.26563028832786,-1.03994424044844,-1.18535273649484
"128","2008_01_11_PC_Domestic_Economic.txt",-0.457960745395589,1.68137849382542,0.527756660338371
"129","2008_01_14_PC_Domestic_Civil Rights.txt",-0.367022806182049,-1.71526815801107,1.16248427746649
"130","2008_01_19_PC_Stump_Nevada.txt",-0.988121652858334,1.70535545316127,-3.47885227435328
"131","2008_01_22_PC_Domestic_Economic.txt",3.56572803541322,1.35574373470246,-0.78477932339112
"132","2008_01_24_PC_Domestic_Economy.txt",0.72194639491236,1.78083691746502,0.475128514224854
"133","2008_01_26_PC_Stump_SC.txt",-3.12210038212671,-2.73136434131231,-1.1777270753464
"134","2008_01_28_PC_Stump_CT.txt",0.10603859342805,0.0368609623339089,-1.22558499172741
"135","2008_01_29_PC_Stump_Florida.txt",-4.38048223962725,-0.549892514585027,-0.144623214412286
"136","2008_01_31_PC_Stump_Atlanta.txt",0.374014121542749,-0.232627228375353,-0.356445688404462
"137","2008_01_31_PC_Stump_Opening_Debate_CA.txt",1.6991847428061,-3.45272357155068,-4.04796510822057
"138","2008_02_05_PC_Stump_Super_TU.txt",-0.733354133906835,-0.585208872286375,1.14145776768611
"139","2008_02_09_PC_Stump_Jeff_Jack_VA.txt",0.447754114568904,-1.480017864939,0.946254128381342
"140","2008_02_12_PC_Stump_MA_VA_DC.txt",-1.2169241206528,-0.174209721763365,0.0301269508544059
"141","2008_02_16_PC_Stump_WI.txt",-1.09493409400384,-0.787750396682042,-0.383519797267603
"142","2008_02_19_PC_Stump_OH.txt",-1.09056692556142,1.96463580621484,0.368702674240919
"143","2008_02_20_PC_Stump_Hunter_College.txt",-0.783215512318984,-0.600984109999197,-1.11429970120406
"144","2008_02_21_PC_Opening_Debate_TX.txt",-0.771870569664258,-1.59528845124447,-1.36408985079355
"145","2008_02_25_PC_Foreign_GW.txt",1.21776172234387,-1.10756810581586,-2.11338784210831
"146","2008_02_27_PC_Domestic_Economy.txt",0.173848273014952,1.17291182993103,-0.0501883753837336
"147","2008_03_01_PC_Foreign_Iraq_Afghan.txt",-1.08694826430705,-2.6713813542915,-0.851732543829552
"148","2008_03_04_PC_Stump_OH_TX.txt",-1.42265005517481,-1.62564915713122,1.51592043743441
"149","2008_03_11_PC_Stump_PA.txt",3.08413282318208,4.1503320518218,3.6812788861185
"150","2008_03_17_PC_Foreign_Overview.txt",2.61084527809768,-0.895937427952734,-1.4302855200767
"151","2008_03_19_PC_Stump_Solutions.txt",1.37248046857608,-0.424757799127493,-0.932902475926279
"152","2008_03_24_PC_Domestic_Housing.txt",2.86042761314722,1.90732293334425,0.721475400420187
"153","2008_04_01_PC_Domestic_Labor.txt",-0.060867748354567,1.36738045833269,1.43996463852939
"154","2008_04_04_PC_Domestic_King.txt",0.295058860773376,-2.63768720593744,1.05028998638298
"155","2008_04_05_PC_Stump_MT.txt",0.228910366765103,1.6062257082044,-0.23757141241779
"156","2008_04_09_PC_Foreign_PA.txt",3.03279748115154,-4.2791677233924,0.686211736252747
"157","2008_04_12_PC_Stump_IN.txt",0.306186708352427,-2.40396120162855,-0.872871060213947
"158","2008_04_15_PC_Stump_Newspaper.txt",2.66943332003379,-0.19505345978708,-3.0002841373278
"159","2008_04_22_PC_Stump_PA.txt",-0.446334033231821,-1.47949026746978,0.354374364616206
"160","2008_04_29_PC_Domestic_NC_.txt",0.198421529959947,1.30005317400952,-1.32800357367585
"161","2008_05_03_PC_Domestic_Economy.txt",3.08029650252733,0.511360047838139,-2.05263632050615
"162","2008_05_06_PC_Stump_IN.txt",-2.30144441128996,-0.610461864306352,-0.179437495907142
"163","2008_05_11_PC_Women_Mothers_Day.txt",-0.541076754686587,-2.10889972031084,2.36124929334748
"164","2008_05_13_PC_Stump_WV.txt",-0.311073754944794,-2.13395039911958,-0.835916137659516
"165","2008_05_20_PC_Stump_KY_OR.txt",-0.6488204190647,-3.04737760820725,-0.502759432323693
"166","2008_05_21_PC_Domestic_Elections.txt",-0.198079984945867,-0.62725242345865,0.170379231621486
"167","2008_06_01_PC_Stump_Puerto_Rico.txt",-1.76318381604468,-1.56578589192038,0.209156107753814
"168","2008_06_03_PC_Stump_NY.txt",-2.61947189603887,-1.08050758803478,0.576175323899721
"169","2008_06_04_PC_Foreign_Israel.txt",-0.0907982456178845,-0.941712206957762,-1.80768113496493
"170","2008_06_07_PC_Stump_Concession.txt",-0.862676564192495,-2.64818162714369,-0.384716094767013
"171","2008_08_26_PC_Stump_DNC_Con.txt",-0.85854398375945,-2.26375641240705,2.28645813220057
"172","2015_01_15_PC_Liberia.txt",4.35784011619821,-0.0436717396420559,-2.88935695297121
"173","2015_02_24_PC_Women_Silicon_Valley.txt",1.08193967406438,0.756758340300443,0.275560935347767
"174","2015_03_10_PC_Women_Iran.txt",1.21017884245335,2.02804745715583,-1.9597200020473
"175","2015_04_14_PC_Kirkwood_Comm_Coll.txt",-0.767853324771113,-0.463787026497782,-0.42803473936897
"176","2015_04_20_PC_Keene_NH.txt",-1.20309906917451,1.13609039753984,-0.143516482090353
"177","2015_04_23_PC_World_Sum_Women.txt",-1.21459018054924,-0.991750372953997,2.09403241835363
"178","2015_04_29_PC_Criminal_Justice.txt",1.53500669302788,-0.650655599475295,0.0612672674016845
"179","2015_05_05__PC_Immigration_Nevada.txt",-0.658616948012381,0.223161625055395,0.27385597055976
"180","2015_05_18_PC_Families_Iowa.txt",-2.07618706161805,-0.569562530690509,-0.407121865180161
"181","2015_05_19_PC_Cedar_Falls_IA.txt",2.65834836135944,2.32920954419494,-0.108617390437312
"182","2015_05_20_PC_Childcare_Chicago.txt",0.00462391684022874,0.917784221750341,0.636565175175396
"183","2015_05_27_PC_Dem_Women_Council_SC.txt",-1.28422675691354,0.476629920182034,0.556583582623987
"184","2015_06_04_PC_Voting_Rights.txt",0.8868093330177,-1.40209854335412,0.325169815242572
"185","2015_06_13_PC_Launch.txt",-0.0609862880024614,0.482595864929017,0.509163084430327
"186","2015_06_15_PC_Childhood_Ed.txt",-1.19090162235917,0.0274417459368048,1.06519670776639
"187","2015_06_18_PC_Veterans.txt",-0.835143412382679,0.22377439897561,0.320889311944694
"188","2015_06_20_PC_Conf_Mayors.txt",0.939330099534731,-0.908726248046029,-0.680769846428974
"189","2015_06_25_PC_Conf_Flag_Racism.txt",-0.0406392806326983,-0.658386270637542,0.649292606331262
"190","2015_06_26_PC_Jeff_Jack_Dinner.txt",-0.236402608815391,-0.812522671911391,0.125025699863861
"191","2015_07_13_PC_Economic_Policy.txt",2.28064380254049,1.52924325769187,0.291220054038324
"192","2015_07_16_PC_Economy_lst_Townhall.txt",0.127922595803364,1.01639270179277,-0.127099368318137
"193","2015_07_24_PC_Long_Term_Growth.txt",4.34819760766326,2.26426536368219,-0.189378450470987
"194","2015_07_31_PC_National_Urban_League.txt",-3.36157683912534,-0.175383369401453,0.713024142497292
"195","2015_08_11_PC_College_Costs_NH.txt",0.307778228407808,2.11243986808255,0.138834595860412
"196","2015_08_18_PC_Race_Saving_Cities.txt",-1.58806120408074,-0.837347002152254,0.943657647957467
"197","2015_08_28_PC_DNC.txt",-1.19593308761619,-0.509869013616708,0.876596517227291
"198","2015_09_01_PC_DNC.txt",-0.313598644158914,-0.915651205914524,0.6513927376662
"199","2015_09_09_PC_Iran_Nuclear.txt",1.16826584287476,0.160458922221054,-1.88379164474257
"200","2015_09_10_PC_Women_Org_OH.txt",-2.79614576141197,1.25543069520952,0.124667192486721
"201","2015_09_16_PC_Women_Hillary.txt",-0.733685735817563,-1.03177402981636,2.22709875895522
"202","2015_09_19_PC_NH_DNC.txt",-1.00662973449585,0.481286958026708,1.54967051926706
"203","2015_09_26_PC_Human_Rights_Campaign.txt",-1.193369774495,-0.590501637654368,0.835287118543104
"204","2015_10_13_PC_Closing_State_CNN_Debate.txt",-0.929325904635387,-0.941895079687993,-0.468578149356471
"205","2015_10_13_PC_Open_State_CNN_Debate.txt",-0.39004849832992,-1.20810312520219,0.259629894584094
"206","2015_10_16_PC_Keene_NH_Townhall.txt",-0.722394589664693,-0.690035619179623,0.796706474450202
"207","2015_10_22_PC_Benghazi_Hearing.txt",1.51092111588187,-1.90899619595625,0.980884388552402
"208","2015_10_31_PC_Longshoremen_SC.txt",-0.296393210754463,0.0523823322261453,0.638490695195658
"209","2015_11_09_PC_Am_Fed_Teachers.txt",-1.84286643051762,-0.525177987718916,-2.19947871981522
"210","2015_11_14_PC_Closing_State_Iowa_Debate.txt",-3.36106034953212,-0.663178351257863,-0.89296992163576
"211","2015_11_14_PC_Open_State_Iowa_Debate.txt",-0.685482440805728,-0.53967633657342,-2.79262185841513
"212","2015_11_19_PC_CFR.txt",2.8513269508443,-0.718118083481219,-0.902065850060046
"213","2015_11_22_PC_TownHall_Clinton_IA.txt",0.424702145957984,-0.489809066514367,0.401138633585414
"214","2015_11_29_PC_Jeff_Jack_Dinner.txt",-0.0976016212702181,0.44324871328188,0.140542459736717
"215","2015_12_01_PC_Mont_Bus_60.txt",-0.334641590885513,-1.81030537775525,0.566443812509355
"216","2015_12_04_PC_Carpenter_Traininig.txt",-0.392221904071299,0.321176490360416,1.1690058675287
"217","2015_12_04_PC_Econ_Women_NH.txt",0.214302561821062,0.723822924459943,1.26083742009906
"218","2015_12_05_PC_ISIS_Brookings.txt",2.63020603453285,-1.49300497778667,-1.37504704177804
"219","2015_12_14_PC_Immigration.txt",0.0181487118117984,-0.980137409422112,0.576984017117993
"220","2015_12_15_PC_Homeland_Security.txt",1.39028025400854,-1.00307657278331,-0.211516943520464
"221","2015_12_19_PC_Opening_State_Dem_Debate.txt",1.30528965783726,-2.69251680142676,-2.52721859493838
"222","2015_12_29_PC_Town_Hall_Portsmouth_NH.txt",-1.69361281375599,0.920510608659079,-1.41385094462264
"223","2016_01_07_PC_Asian_Pac_Islander.txt",-0.65623379065624,-0.599685045188935,1.08617782838754
"224","2016_01_11_PC_Taxes_IA.txt",-0.353963687522098,1.26593848725203,-0.224861266891717
"225","2016_01_17_PC_Closing_State_Dem_Debate_SC.txt",0.488343292536605,-1.87232633981338,-0.986894989156816
"226","2016_01_17_PC_Open_State_Dem_Debate_SC.txt",-2.28550207019465,-5.86183650652767,-1.03184068380145
"227","2016_01_26_PC_Marshalltown_IA.txt",-1.14916451671356,1.24832765950898,0.427809546956896
"228","2016_02_01_PC_Cedar_Rapids_Caucus.txt",-1.88608184556985,1.86430499602217,1.21585805535771
"229","2016_02_01_PC_Iowa_Caucus_Victory.txt",-2.77829555319577,0.0521979590553922,-2.07797042140564
"230","2016_02_03_PC_Closing_Townhall_Derry_NH.txt",-4.30580640679791,3.09333828727881,-1.04052467413475
"231","2016_02_04_PC_Closing_MSNBC_Debate_NH.txt",-1.91485644113237,-1.62030227990551,-2.23663989003044
"232","2016_02_04_PC_Opening_MSNBC_Debate_NH.txt",-4.25582893512709,-1.1596161500165,0.0991109331065234
"233","2016_02_07_PC_Water_Flint.txt",-1.47066510501142,-0.729195678768869,-0.305691243024473
"234","2016_02_09_PC_NH_Primary_Loss.txt",-1.35134707131793,0.849805369503395,-0.939997289185168
"235","2016_02_11_PC_Closing_PBS_Debate_Milwau.txt",0.304946056196205,-1.15021065650125,-0.0814924517022523
"236","2016_02_11_PC_Opening_PBS_Debate_Milwaukee.txt",0.145144157034849,-2.46327954490908,0.49384388599283
"237","2016_02_16_PC_Harlem_NY.txt",0.218946305608578,-0.796164162094308,0.0827789723014417
"238","2016_02_20_PC_Nevada_Victory.txt",-1.01144007961798,0.519654469017456,-0.0944818961837069
"239","2016_02_23_PC_Closing_SC_Debate.txt",-2.13691190202613,0.802912300022813,-0.710181554504412
"240","2016_02_27_PC_S_Carolina.txt",0.270016159105439,-0.731238402921387,0.419963903667579
"241","2016_03_01_PC_Super_Tues.txt",0.165890490164971,-0.113028649622681,0.136777423975948
"242","2016_03_04_PC_Manufact_Detroit.txt",1.52515901303804,1.89427371654864,0.465598054192032
"243","2016_03_05_PC_Michigan_Prim.txt",0.652799552553942,0.435397046356873,-0.473743232092655
"244","2016_03_06_PC_CNN_Debate_Close.txt",-1.31373516105617,0.193630365883488,-2.79186867986533
"245","2016_03_06_PC_CNN_Debate_Open.txt",-1.01362151461011,1.35876583572419,-2.77361094234745
"246","2016_03_09_PC_Univision_Debate_Close.txt",-2.76617767840657,0.546973986882477,-2.79756253104389
"247","2016_03_09_PC_Univision_Debate_Open.txt",2.88866705722313,2.05204808330249,-3.14862920563064
"248","2016_03_10_PC_K-12_NC.txt",-0.829043963096337,0.708057881594811,0.312873277846146
"249","2016_03_21_PC_AIPAC.txt",1.32616225384663,-1.16585029618584,-1.56316220735333
"250","2016_03_23_PC_Count_Terror_Stanford.txt",1.38218713077625,-0.764542567767154,-0.43353356008998
"251","2016_03_28_PC_Sup_CT_WI.txt",1.13158652483688,-0.417068097089826,0.144621237163779
"252","2016_04_01_PC_Apollo_Theater.txt",0.437126974173363,-0.969516078396024,0.815446618786147
"253","2016_04_05_PC_Wisc_Primary.txt",-2.07158145405656,1.2942240529689,-0.0149687789108568
"254","2016_04_08_PC_Teachers_NY.txt",-1.16871559774766,-0.467149448077942,0.207739740125041
"255","2016_04_09_PC_Brooklyn_Jobs_Barriers.txt",-1.73297896037353,0.502380414625506,0.520029438157747
"256","2016_04_11_PC_Gun_Violence_NY.txt",0.0170670335534635,1.61788749398962,0.488506262452499
"257","2016_04_11_PC_Suffolk_CO.txt",-2.40124216407838,1.34663414964562,1.11564066195899
"258","2016_04_12_PC_Pay_Equity.txt",-0.0803410321186024,-0.583711393078975,2.18444185352662
"259","2016_04_13_PC_Environ.txt",1.5621876428833,-1.35751382426321,0.488049087592626
"260","2016_04_13_PC_Immigration_Off.txt",0.922730317456542,-1.64597510293399,-1.47478482165377
"261","2016_04_14_PC_CNN_Debate_Close.txt",-3.28993879482251,-0.249085558460548,-2.76721968870074
"262","2016_04_14_PC_CNN_Debate_Open.txt",-2.28451842309643,-0.998159921729553,-3.86303171988687
"263","2016_04_18_PC_GOTV_NY.txt",-0.93726277821239,0.12686003883641,0.187815892943189
"264","2016_04_19_PC_New_York.txt",-1.1489690100727,-1.34017616455388,1.53680391296069
"265","2016_04_23_PC_Incomes_RI.txt",-1.23838585412839,0.424959655228723,0.441096321296067
"266","2016_04_23_PC_Work_Family_CT.txt",-0.275862176204963,1.48107361635096,0.0622406290574547
"267","2016_04_26_PC_Manufacture_IN.txt",0.743069836663799,0.411389949357057,0.847146244489747
"268","2016_04_26_PC_Unity_Phila.txt",-0.108008534378821,-1.89116400556266,0.301884751802795
"269","2016_05_01_PC_NAACP_Detroit.txt",-1.36827939883823,0.486227722108258,0.585816329458493
"270","2016_05_03_PC_Jobs_OH.txt",0.0230284877329024,1.23286064844277,1.31439127189091
"271","2016_05_05_PC_Immigration_LA.txt",-2.73486122495847,0.764870604447545,-0.0699630861972996
"272","2016_05_09_PC_Work_Family_VA.txt",-1.11909270877889,1.99030311490398,-1.71827314903573
"273","2016_05_10_PC_Family_Health_KY.txt",1.41073410556738,0.887750959156706,1.45202381364614
"274","2016_05_21_PC_Circle_Mothers.txt",-0.771086788777294,-1.98881143578763,2.04948229145533
"275","2016_05_23_PC_SEIU.txt",-0.619752612845173,0.360578134801921,1.96584144687234
"276","2016_05_26_PC_Infrastructure.txt",-1.79814960728059,0.949589679162162,0.53471138851099
"277","2016_06_03_PC_Natl_Sec.txt",0.0954070867199763,-0.707816228337584,-0.0644888448880011
"278","2016_06_07_PC_Prim_Victory.txt",-1.24209325563866,-0.848313958396841,-0.298598848561711
"279","2016_06_10_PC_Planned_Parenthood.txt",0.452999528158367,-0.121789569774604,2.79085517963167
"280","2016_06_13_PC_Orlando.txt",0.693837735202479,-1.84382450877752,-1.01444654988906
"281","2016_06_14_PC_Trump_Orlando.txt",-0.692571278927351,-0.837345517217447,0.349256355426244
